{"parameters": {"W1": [[2.437894711907402, 0.637818312464159], [-0.4223501404141198, -0.05288151376241091]], "b1": [[-0.1354209848553558], [0.04787007120086715]], "W2": [[2.6976710612656993], [-0.10032027133259706]], "b2": [[-1.078238429745212]]}, "layer_dimensions": [2, 2, 1], "scaler": {"mean": [5.9910000000000005, 123.58], "scale": [1.1379011380607718, 39.743975644114926]}}